data_0_0;data_1_0;data_2_0;data_3_0;data_4_0;
data_0_1;data_1_1;data_2_1;data_3_1;data_4_1;
data_0_2;data_1_2;data_2_2;data_3_2;data_4_2;
data_0_3;data_1_3;data_2_3;data_3_3;data_4_3;
data_0_4;data_1_4;data_2_4;data_3_4;data_4_4;
data_0_5;data_1_5;data_2_5;data_3_5;data_4_5;
data_0_6;data_1_6;data_2_6;data_3_6;data_4_6;
data_0_7;data_1_7;data_2_7;data_3_7;data_4_7;
data_0_8;data_1_8;data_2_8;data_3_8;data_4_8;
data_0_9;data_1_9;data_2_9;data_3_9;data_4_9;
data_0_10;data_1_10;data_2_10;data_3_10;data_4_10;
data_0_11;data_1_11;data_2_11;data_3_11;data_4_11;
data_0_12;data_1_12;data_2_12;data_3_12;data_4_12;
data_0_13;data_1_13;data_2_13;data_3_13;data_4_13;
data_0_14;data_1_14;data_2_14;data_3_14;data_4_14;
data_0_15;data_1_15;data_2_15;data_3_15;data_4_15;
data_0_16;data_1_16;data_2_16;data_3_16;data_4_16;
data_0_17;data_1_17;data_2_17;data_3_17;data_4_17;
data_0_18;data_1_18;data_2_18;data_3_18;data_4_18;
data_0_19;data_1_19;data_2_19;data_3_19;data_4_19;
data_0_20;data_1_20;data_2_20;data_3_20;data_4_20;
data_0_21;data_1_21;data_2_21;data_3_21;data_4_21;
data_0_22;data_1_22;data_2_22;data_3_22;data_4_22;
data_0_23;data_1_23;data_2_23;data_3_23;data_4_23;
data_0_24;data_1_24;data_2_24;data_3_24;data_4_24;
data_0_25;data_1_25;data_2_25;data_3_25;data_4_25;
data_0_26;data_1_26;data_2_26;data_3_26;data_4_26;
data_0_27;data_1_27;data_2_27;data_3_27;data_4_27;
data_0_28;data_1_28;data_2_28;data_3_28;data_4_28;
data_0_29;data_1_29;data_2_29;data_3_29;data_4_29;
data_0_30;data_1_30;data_2_30;data_3_30;data_4_30;
data_0_31;data_1_31;data_2_31;data_3_31;data_4_31;
data_0_32;data_1_32;data_2_32;data_3_32;data_4_32;
data_0_33;data_1_33;data_2_33;data_3_33;data_4_33;
data_0_34;data_1_34;data_2_34;data_3_34;data_4_34;
data_0_35;data_1_35;data_2_35;data_3_35;data_4_35;
data_0_36;data_1_36;data_2_36;data_3_36;data_4_36;
data_0_37;data_1_37;data_2_37;data_3_37;data_4_37;
data_0_38;data_1_38;data_2_38;data_3_38;data_4_38;
data_0_39;data_1_39;data_2_39;data_3_39;data_4_39;
data_0_40;data_1_40;data_2_40;data_3_40;data_4_40;
data_0_41;data_1_41;data_2_41;data_3_41;data_4_41;
data_0_42;data_1_42;data_2_42;data_3_42;data_4_42;
data_0_43;data_1_43;data_2_43;data_3_43;data_4_43;
data_0_44;data_1_44;data_2_44;data_3_44;data_4_44;
data_0_45;data_1_45;data_2_45;data_3_45;data_4_45;
data_0_46;data_1_46;data_2_46;data_3_46;data_4_46;
data_0_47;data_1_47;data_2_47;data_3_47;data_4_47;
data_0_48;data_1_48;data_2_48;data_3_48;data_4_48;
data_0_49;data_1_49;data_2_49;data_3_49;data_4_49;
data_0_50;data_1_50;data_2_50;data_3_50;data_4_50;
data_0_51;data_1_51;data_2_51;data_3_51;data_4_51;
data_0_52;data_1_52;data_2_52;data_3_52;data_4_52;
data_0_53;data_1_53;data_2_53;data_3_53;data_4_53;
data_0_54;data_1_54;data_2_54;data_3_54;data_4_54;
data_0_55;data_1_55;data_2_55;data_3_55;data_4_55;
data_0_56;data_1_56;data_2_56;data_3_56;data_4_56;
data_0_57;data_1_57;data_2_57;data_3_57;data_4_57;
data_0_58;data_1_58;data_2_58;data_3_58;data_4_58;
data_0_59;data_1_59;data_2_59;data_3_59;data_4_59;
data_0_60;data_1_60;data_2_60;data_3_60;data_4_60;
data_0_61;data_1_61;data_2_61;data_3_61;data_4_61;
data_0_62;data_1_62;data_2_62;data_3_62;data_4_62;
data_0_63;data_1_63;data_2_63;data_3_63;data_4_63;
data_0_64;data_1_64;data_2_64;data_3_64;data_4_64;
data_0_65;data_1_65;data_2_65;data_3_65;data_4_65;
data_0_66;data_1_66;data_2_66;data_3_66;data_4_66;
data_0_67;data_1_67;data_2_67;data_3_67;data_4_67;
data_0_68;data_1_68;data_2_68;data_3_68;data_4_68;
data_0_69;data_1_69;data_2_69;data_3_69;data_4_69;
data_0_70;data_1_70;data_2_70;data_3_70;data_4_70;
data_0_71;data_1_71;data_2_71;data_3_71;data_4_71;
data_0_72;data_1_72;data_2_72;data_3_72;data_4_72;
data_0_73;data_1_73;data_2_73;data_3_73;data_4_73;
data_0_74;data_1_74;data_2_74;data_3_74;data_4_74;
data_0_75;data_1_75;data_2_75;data_3_75;data_4_75;
data_0_76;data_1_76;data_2_76;data_3_76;data_4_76;
data_0_77;data_1_77;data_2_77;data_3_77;data_4_77;
data_0_78;data_1_78;data_2_78;data_3_78;data_4_78;
data_0_79;data_1_79;data_2_79;data_3_79;data_4_79;
data_0_80;data_1_80;data_2_80;data_3_80;data_4_80;
data_0_81;data_1_81;data_2_81;data_3_81;data_4_81;
data_0_82;data_1_82;data_2_82;data_3_82;data_4_82;
data_0_83;data_1_83;data_2_83;data_3_83;data_4_83;
data_0_84;data_1_84;data_2_84;data_3_84;data_4_84;
data_0_85;data_1_85;data_2_85;data_3_85;data_4_85;
data_0_86;data_1_86;data_2_86;data_3_86;data_4_86;
data_0_87;data_1_87;data_2_87;data_3_87;data_4_87;
data_0_88;data_1_88;data_2_88;data_3_88;data_4_88;
data_0_89;data_1_89;data_2_89;data_3_89;data_4_89;
data_0_90;data_1_90;data_2_90;data_3_90;data_4_90;
data_0_91;data_1_91;data_2_91;data_3_91;data_4_91;
data_0_92;data_1_92;data_2_92;data_3_92;data_4_92;
data_0_93;data_1_93;data_2_93;data_3_93;data_4_93;
data_0_94;data_1_94;data_2_94;data_3_94;data_4_94;
data_0_95;data_1_95;data_2_95;data_3_95;data_4_95;
data_0_96;data_1_96;data_2_96;data_3_96;data_4_96;
data_0_97;data_1_97;data_2_97;data_3_97;data_4_97;
data_0_98;data_1_98;data_2_98;data_3_98;data_4_98;
data_0_99;data_1_99;data_2_99;data_3_99;data_4_99;
data_0_100;data_1_100;data_2_100;data_3_100;data_4_100;
data_0_101;data_1_101;data_2_101;data_3_101;data_4_101;
data_0_102;data_1_102;data_2_102;data_3_102;data_4_102;
data_0_103;data_1_103;data_2_103;data_3_103;data_4_103;
data_0_104;data_1_104;data_2_104;data_3_104;data_4_104;
data_0_105;data_1_105;data_2_105;data_3_105;data_4_105;
data_0_106;data_1_106;data_2_106;data_3_106;data_4_106;
data_0_107;data_1_107;data_2_107;data_3_107;data_4_107;
data_0_108;data_1_108;data_2_108;data_3_108;data_4_108;
data_0_109;data_1_109;data_2_109;data_3_109;data_4_109;
data_0_110;data_1_110;data_2_110;data_3_110;data_4_110;
data_0_111;data_1_111;data_2_111;data_3_111;data_4_111;
data_0_112;data_1_112;data_2_112;data_3_112;data_4_112;
data_0_113;data_1_113;data_2_113;data_3_113;data_4_113;
data_0_114;data_1_114;data_2_114;data_3_114;data_4_114;
data_0_115;data_1_115;data_2_115;data_3_115;data_4_115;
data_0_116;data_1_116;data_2_116;data_3_116;data_4_116;
data_0_117;data_1_117;data_2_117;data_3_117;data_4_117;
data_0_118;data_1_118;data_2_118;data_3_118;data_4_118;
data_0_119;data_1_119;data_2_119;data_3_119;data_4_119;
data_0_120;data_1_120;data_2_120;data_3_120;data_4_120;
data_0_121;data_1_121;data_2_121;data_3_121;data_4_121;
data_0_122;data_1_122;data_2_122;data_3_122;data_4_122;
data_0_123;data_1_123;data_2_123;data_3_123;data_4_123;
data_0_124;data_1_124;data_2_124;data_3_124;data_4_124;
data_0_125;data_1_125;data_2_125;data_3_125;data_4_125;
data_0_126;data_1_126;data_2_126;data_3_126;data_4_126;
data_0_127;data_1_127;data_2_127;data_3_127;data_4_127;
data_0_128;data_1_128;data_2_128;data_3_128;data_4_128;
data_0_129;data_1_129;data_2_129;data_3_129;data_4_129;
data_0_130;data_1_130;data_2_130;data_3_130;data_4_130;
data_0_131;data_1_131;data_2_131;data_3_131;data_4_131;
data_0_132;data_1_132;data_2_132;data_3_132;data_4_132;
data_0_133;data_1_133;data_2_133;data_3_133;data_4_133;
data_0_134;data_1_134;data_2_134;data_3_134;data_4_134;
data_0_135;data_1_135;data_2_135;data_3_135;data_4_135;
data_0_136;data_1_136;data_2_136;data_3_136;data_4_136;
data_0_137;data_1_137;data_2_137;data_3_137;data_4_137;
data_0_138;data_1_138;data_2_138;data_3_138;data_4_138;
data_0_139;data_1_139;data_2_139;data_3_139;data_4_139;
data_0_140;data_1_140;data_2_140;data_3_140;data_4_140;
data_0_141;data_1_141;data_2_141;data_3_141;data_4_141;
data_0_142;data_1_142;data_2_142;data_3_142;data_4_142;
data_0_143;data_1_143;data_2_143;data_3_143;data_4_143;
data_0_144;data_1_144;data_2_144;data_3_144;data_4_144;
data_0_145;data_1_145;data_2_145;data_3_145;data_4_145;
data_0_146;data_1_146;data_2_146;data_3_146;data_4_146;
data_0_147;data_1_147;data_2_147;data_3_147;data_4_147;
data_0_148;data_1_148;data_2_148;data_3_148;data_4_148;
data_0_149;data_1_149;data_2_149;data_3_149;data_4_149;
data_0_150;data_1_150;data_2_150;data_3_150;data_4_150;
data_0_151;data_1_151;data_2_151;data_3_151;data_4_151;
data_0_152;data_1_152;data_2_152;data_3_152;data_4_152;
data_0_153;data_1_153;data_2_153;data_3_153;data_4_153;
data_0_154;data_1_154;data_2_154;data_3_154;data_4_154;
data_0_155;data_1_155;data_2_155;data_3_155;data_4_155;
data_0_156;data_1_156;data_2_156;data_3_156;data_4_156;
data_0_157;data_1_157;data_2_157;data_3_157;data_4_157;
data_0_158;data_1_158;data_2_158;data_3_158;data_4_158;
data_0_159;data_1_159;data_2_159;data_3_159;data_4_159;
data_0_160;data_1_160;data_2_160;data_3_160;data_4_160;
data_0_161;data_1_161;data_2_161;data_3_161;data_4_161;
data_0_162;data_1_162;data_2_162;data_3_162;data_4_162;
data_0_163;data_1_163;data_2_163;data_3_163;data_4_163;
data_0_164;data_1_164;data_2_164;data_3_164;data_4_164;
data_0_165;data_1_165;data_2_165;data_3_165;data_4_165;
data_0_166;data_1_166;data_2_166;data_3_166;data_4_166;
data_0_167;data_1_167;data_2_167;data_3_167;data_4_167;
data_0_168;data_1_168;data_2_168;data_3_168;data_4_168;
data_0_169;data_1_169;data_2_169;data_3_169;data_4_169;
data_0_170;data_1_170;data_2_170;data_3_170;data_4_170;
data_0_171;data_1_171;data_2_171;data_3_171;data_4_171;
data_0_172;data_1_172;data_2_172;data_3_172;data_4_172;
data_0_173;data_1_173;data_2_173;data_3_173;data_4_173;
data_0_174;data_1_174;data_2_174;data_3_174;data_4_174;
data_0_175;data_1_175;data_2_175;data_3_175;data_4_175;
data_0_176;data_1_176;data_2_176;data_3_176;data_4_176;
data_0_177;data_1_177;data_2_177;data_3_177;data_4_177;
data_0_178;data_1_178;data_2_178;data_3_178;data_4_178;
data_0_179;data_1_179;data_2_179;data_3_179;data_4_179;
data_0_180;data_1_180;data_2_180;data_3_180;data_4_180;
data_0_181;data_1_181;data_2_181;data_3_181;data_4_181;
data_0_182;data_1_182;data_2_182;data_3_182;data_4_182;
data_0_183;data_1_183;data_2_183;data_3_183;data_4_183;
data_0_184;data_1_184;data_2_184;data_3_184;data_4_184;
data_0_185;data_1_185;data_2_185;data_3_185;data_4_185;
data_0_186;data_1_186;data_2_186;data_3_186;data_4_186;
data_0_187;data_1_187;data_2_187;data_3_187;data_4_187;
data_0_188;data_1_188;data_2_188;data_3_188;data_4_188;
data_0_189;data_1_189;data_2_189;data_3_189;data_4_189;
data_0_190;data_1_190;data_2_190;data_3_190;data_4_190;
data_0_191;data_1_191;data_2_191;data_3_191;data_4_191;
data_0_192;data_1_192;data_2_192;data_3_192;data_4_192;
data_0_193;data_1_193;data_2_193;data_3_193;data_4_193;
data_0_194;data_1_194;data_2_194;data_3_194;data_4_194;
data_0_195;data_1_195;data_2_195;data_3_195;data_4_195;
data_0_196;data_1_196;data_2_196;data_3_196;data_4_196;
data_0_197;data_1_197;data_2_197;data_3_197;data_4_197;
data_0_198;data_1_198;data_2_198;data_3_198;data_4_198;
data_0_199;data_1_199;data_2_199;data_3_199;data_4_199;
data_0_200;data_1_200;data_2_200;data_3_200;data_4_200;
data_0_201;data_1_201;data_2_201;data_3_201;data_4_201;
data_0_202;data_1_202;data_2_202;data_3_202;data_4_202;
data_0_203;data_1_203;data_2_203;data_3_203;data_4_203;
data_0_204;data_1_204;data_2_204;data_3_204;data_4_204;
data_0_205;data_1_205;data_2_205;data_3_205;data_4_205;
data_0_206;data_1_206;data_2_206;data_3_206;data_4_206;
data_0_207;data_1_207;data_2_207;data_3_207;data_4_207;
data_0_208;data_1_208;data_2_208;data_3_208;data_4_208;
data_0_209;data_1_209;data_2_209;data_3_209;data_4_209;
data_0_210;data_1_210;data_2_210;data_3_210;data_4_210;
data_0_211;data_1_211;data_2_211;data_3_211;data_4_211;
data_0_212;data_1_212;data_2_212;data_3_212;data_4_212;
data_0_213;data_1_213;data_2_213;data_3_213;data_4_213;
data_0_214;data_1_214;data_2_214;data_3_214;data_4_214;
data_0_215;data_1_215;data_2_215;data_3_215;data_4_215;
data_0_216;data_1_216;data_2_216;data_3_216;data_4_216;
data_0_217;data_1_217;data_2_217;data_3_217;data_4_217;
data_0_218;data_1_218;data_2_218;data_3_218;data_4_218;
data_0_219;data_1_219;data_2_219;data_3_219;data_4_219;
data_0_220;data_1_220;data_2_220;data_3_220;data_4_220;
data_0_221;data_1_221;data_2_221;data_3_221;data_4_221;
data_0_222;data_1_222;data_2_222;data_3_222;data_4_222;
data_0_223;data_1_223;data_2_223;data_3_223;data_4_223;
data_0_224;data_1_224;data_2_224;data_3_224;data_4_224;
data_0_225;data_1_225;data_2_225;data_3_225;data_4_225;
data_0_226;data_1_226;data_2_226;data_3_226;data_4_226;
data_0_227;data_1_227;data_2_227;data_3_227;data_4_227;
data_0_228;data_1_228;data_2_228;data_3_228;data_4_228;
data_0_229;data_1_229;data_2_229;data_3_229;data_4_229;
data_0_230;data_1_230;data_2_230;data_3_230;data_4_230;
data_0_231;data_1_231;data_2_231;data_3_231;data_4_231;
data_0_232;data_1_232;data_2_232;data_3_232;data_4_232;
data_0_233;data_1_233;data_2_233;data_3_233;data_4_233;
data_0_234;data_1_234;data_2_234;data_3_234;data_4_234;
data_0_235;data_1_235;data_2_235;data_3_235;data_4_235;
data_0_236;data_1_236;data_2_236;data_3_236;data_4_236;
data_0_237;data_1_237;data_2_237;data_3_237;data_4_237;
data_0_238;data_1_238;data_2_238;data_3_238;data_4_238;
data_0_239;data_1_239;data_2_239;data_3_239;data_4_239;
data_0_240;data_1_240;data_2_240;data_3_240;data_4_240;
data_0_241;data_1_241;data_2_241;data_3_241;data_4_241;
data_0_242;data_1_242;data_2_242;data_3_242;data_4_242;
data_0_243;data_1_243;data_2_243;data_3_243;data_4_243;
data_0_244;data_1_244;data_2_244;data_3_244;data_4_244;
data_0_245;data_1_245;data_2_245;data_3_245;data_4_245;
data_0_246;data_1_246;data_2_246;data_3_246;data_4_246;
data_0_247;data_1_247;data_2_247;data_3_247;data_4_247;
data_0_248;data_1_248;data_2_248;data_3_248;data_4_248;
data_0_249;data_1_249;data_2_249;data_3_249;data_4_249;
data_0_250;data_1_250;data_2_250;data_3_250;data_4_250;
data_0_251;data_1_251;data_2_251;data_3_251;data_4_251;
data_0_252;data_1_252;data_2_252;data_3_252;data_4_252;
data_0_253;data_1_253;data_2_253;data_3_253;data_4_253;
data_0_254;data_1_254;data_2_254;data_3_254;data_4_254;
data_0_255;data_1_255;data_2_255;data_3_255;data_4_255;
data_0_256;data_1_256;data_2_256;data_3_256;data_4_256;
data_0_257;data_1_257;data_2_257;data_3_257;data_4_257;
data_0_258;data_1_258;data_2_258;data_3_258;data_4_258;
data_0_259;data_1_259;data_2_259;data_3_259;data_4_259;
data_0_260;data_1_260;data_2_260;data_3_260;data_4_260;
data_0_261;data_1_261;data_2_261;data_3_261;data_4_261;
data_0_262;data_1_262;data_2_262;data_3_262;data_4_262;
data_0_263;data_1_263;data_2_263;data_3_263;data_4_263;
data_0_264;data_1_264;data_2_264;data_3_264;data_4_264;
data_0_265;data_1_265;data_2_265;data_3_265;data_4_265;
data_0_266;data_1_266;data_2_266;data_3_266;data_4_266;
data_0_267;data_1_267;data_2_267;data_3_267;data_4_267;
data_0_268;data_1_268;data_2_268;data_3_268;data_4_268;
data_0_269;data_1_269;data_2_269;data_3_269;data_4_269;
data_0_270;data_1_270;data_2_270;data_3_270;data_4_270;
data_0_271;data_1_271;data_2_271;data_3_271;data_4_271;
data_0_272;data_1_272;data_2_272;data_3_272;data_4_272;
data_0_273;data_1_273;data_2_273;data_3_273;data_4_273;
data_0_274;data_1_274;data_2_274;data_3_274;data_4_274;
data_0_275;data_1_275;data_2_275;data_3_275;data_4_275;
data_0_276;data_1_276;data_2_276;data_3_276;data_4_276;
data_0_277;data_1_277;data_2_277;data_3_277;data_4_277;
data_0_278;data_1_278;data_2_278;data_3_278;data_4_278;
data_0_279;data_1_279;data_2_279;data_3_279;data_4_279;
data_0_280;data_1_280;data_2_280;data_3_280;data_4_280;
data_0_281;data_1_281;data_2_281;data_3_281;data_4_281;
data_0_282;data_1_282;data_2_282;data_3_282;data_4_282;
data_0_283;data_1_283;data_2_283;data_3_283;data_4_283;
data_0_284;data_1_284;data_2_284;data_3_284;data_4_284;
data_0_285;data_1_285;data_2_285;data_3_285;data_4_285;
data_0_286;data_1_286;data_2_286;data_3_286;data_4_286;
data_0_287;data_1_287;data_2_287;data_3_287;data_4_287;
data_0_288;data_1_288;data_2_288;data_3_288;data_4_288;
data_0_289;data_1_289;data_2_289;data_3_289;data_4_289;
data_0_290;data_1_290;data_2_290;data_3_290;data_4_290;
data_0_291;data_1_291;data_2_291;data_3_291;data_4_291;
data_0_292;data_1_292;data_2_292;data_3_292;data_4_292;
data_0_293;data_1_293;data_2_293;data_3_293;data_4_293;
data_0_294;data_1_294;data_2_294;data_3_294;data_4_294;
data_0_295;data_1_295;data_2_295;data_3_295;data_4_295;
data_0_296;data_1_296;data_2_296;data_3_296;data_4_296;
data_0_297;data_1_297;data_2_297;data_3_297;data_4_297;
data_0_298;data_1_298;data_2_298;data_3_298;data_4_298;
data_0_299;data_1_299;data_2_299;data_3_299;data_4_299;
data_0_300;data_1_300;data_2_300;data_3_300;data_4_300;
data_0_301;data_1_301;data_2_301;data_3_301;data_4_301;
data_0_302;data_1_302;data_2_302;data_3_302;data_4_302;
data_0_303;data_1_303;data_2_303;data_3_303;data_4_303;
data_0_304;data_1_304;data_2_304;data_3_304;data_4_304;
data_0_305;data_1_305;data_2_305;data_3_305;data_4_305;
data_0_306;data_1_306;data_2_306;data_3_306;data_4_306;
data_0_307;data_1_307;data_2_307;data_3_307;data_4_307;
data_0_308;data_1_308;data_2_308;data_3_308;data_4_308;
data_0_309;data_1_309;data_2_309;data_3_309;data_4_309;
data_0_310;data_1_310;data_2_310;data_3_310;data_4_310;
data_0_311;data_1_311;data_2_311;data_3_311;data_4_311;
data_0_312;data_1_312;data_2_312;data_3_312;data_4_312;
data_0_313;data_1_313;data_2_313;data_3_313;data_4_313;
data_0_314;data_1_314;data_2_314;data_3_314;data_4_314;
data_0_315;data_1_315;data_2_315;data_3_315;data_4_315;
data_0_316;data_1_316;data_2_316;data_3_316;data_4_316;
data_0_317;data_1_317;data_2_317;data_3_317;data_4_317;
data_0_318;data_1_318;data_2_318;data_3_318;data_4_318;
data_0_319;data_1_319;data_2_319;data_3_319;data_4_319;
data_0_320;data_1_320;data_2_320;data_3_320;data_4_320;
data_0_321;data_1_321;data_2_321;data_3_321;data_4_321;
data_0_322;data_1_322;data_2_322;data_3_322;data_4_322;
data_0_323;data_1_323;data_2_323;data_3_323;data_4_323;
data_0_324;data_1_324;data_2_324;data_3_324;data_4_324;
data_0_325;data_1_325;data_2_325;data_3_325;data_4_325;
data_0_326;data_1_326;data_2_326;data_3_326;data_4_326;
data_0_327;data_1_327;data_2_327;data_3_327;data_4_327;
data_0_328;data_1_328;data_2_328;data_3_328;data_4_328;
data_0_329;data_1_329;data_2_329;data_3_329;data_4_329;
data_0_330;data_1_330;data_2_330;data_3_330;data_4_330;
data_0_331;data_1_331;data_2_331;data_3_331;data_4_331;
data_0_332;data_1_332;data_2_332;data_3_332;data_4_332;
data_0_333;data_1_333;data_2_333;data_3_333;data_4_333;
data_0_334;data_1_334;data_2_334;data_3_334;data_4_334;
data_0_335;data_1_335;data_2_335;data_3_335;data_4_335;
data_0_336;data_1_336;data_2_336;data_3_336;data_4_336;
data_0_337;data_1_337;data_2_337;data_3_337;data_4_337;
data_0_338;data_1_338;data_2_338;data_3_338;data_4_338;
data_0_339;data_1_339;data_2_339;data_3_339;data_4_339;
data_0_340;data_1_340;data_2_340;data_3_340;data_4_340;
data_0_341;data_1_341;data_2_341;data_3_341;data_4_341;
data_0_342;data_1_342;data_2_342;data_3_342;data_4_342;
data_0_343;data_1_343;data_2_343;data_3_343;data_4_343;
data_0_344;data_1_344;data_2_344;data_3_344;data_4_344;
data_0_345;data_1_345;data_2_345;data_3_345;data_4_345;
data_0_346;data_1_346;data_2_346;data_3_346;data_4_346;
data_0_347;data_1_347;data_2_347;data_3_347;data_4_347;
data_0_348;data_1_348;data_2_348;data_3_348;data_4_348;
data_0_349;data_1_349;data_2_349;data_3_349;data_4_349;
data_0_350;data_1_350;data_2_350;data_3_350;data_4_350;
data_0_351;data_1_351;data_2_351;data_3_351;data_4_351;
data_0_352;data_1_352;data_2_352;data_3_352;data_4_352;
data_0_353;data_1_353;data_2_353;data_3_353;data_4_353;
data_0_354;data_1_354;data_2_354;data_3_354;data_4_354;
data_0_355;data_1_355;data_2_355;data_3_355;data_4_355;
data_0_356;data_1_356;data_2_356;data_3_356;data_4_356;
data_0_357;data_1_357;data_2_357;data_3_357;data_4_357;
data_0_358;data_1_358;data_2_358;data_3_358;data_4_358;
data_0_359;data_1_359;data_2_359;data_3_359;data_4_359;
data_0_360;data_1_360;data_2_360;data_3_360;data_4_360;
data_0_361;data_1_361;data_2_361;data_3_361;data_4_361;
data_0_362;data_1_362;data_2_362;data_3_362;data_4_362;
data_0_363;data_1_363;data_2_363;data_3_363;data_4_363;
data_0_364;data_1_364;data_2_364;data_3_364;data_4_364;
data_0_365;data_1_365;data_2_365;data_3_365;data_4_365;
data_0_366;data_1_366;data_2_366;data_3_366;data_4_366;
data_0_367;data_1_367;data_2_367;data_3_367;data_4_367;
data_0_368;data_1_368;data_2_368;data_3_368;data_4_368;
data_0_369;data_1_369;data_2_369;data_3_369;data_4_369;
data_0_370;data_1_370;data_2_370;data_3_370;data_4_370;
data_0_371;data_1_371;data_2_371;data_3_371;data_4_371;
data_0_372;data_1_372;data_2_372;data_3_372;data_4_372;
data_0_373;data_1_373;data_2_373;data_3_373;data_4_373;
data_0_374;data_1_374;data_2_374;data_3_374;data_4_374;
data_0_375;data_1_375;data_2_375;data_3_375;data_4_375;
data_0_376;data_1_376;data_2_376;data_3_376;data_4_376;
data_0_377;data_1_377;data_2_377;data_3_377;data_4_377;
data_0_378;data_1_378;data_2_378;data_3_378;data_4_378;
data_0_379;data_1_379;data_2_379;data_3_379;data_4_379;
data_0_380;data_1_380;data_2_380;data_3_380;data_4_380;
data_0_381;data_1_381;data_2_381;data_3_381;data_4_381;
data_0_382;data_1_382;data_2_382;data_3_382;data_4_382;
data_0_383;data_1_383;data_2_383;data_3_383;data_4_383;
data_0_384;data_1_384;data_2_384;data_3_384;data_4_384;
data_0_385;data_1_385;data_2_385;data_3_385;data_4_385;
data_0_386;data_1_386;data_2_386;data_3_386;data_4_386;
data_0_387;data_1_387;data_2_387;data_3_387;data_4_387;
data_0_388;data_1_388;data_2_388;data_3_388;data_4_388;
data_0_389;data_1_389;data_2_389;data_3_389;data_4_389;
data_0_390;data_1_390;data_2_390;data_3_390;data_4_390;
data_0_391;data_1_391;data_2_391;data_3_391;data_4_391;
data_0_392;data_1_392;data_2_392;data_3_392;data_4_392;
data_0_393;data_1_393;data_2_393;data_3_393;data_4_393;
data_0_394;data_1_394;data_2_394;data_3_394;data_4_394;
data_0_395;data_1_395;data_2_395;data_3_395;data_4_395;
data_0_396;data_1_396;data_2_396;data_3_396;data_4_396;
data_0_397;data_1_397;data_2_397;data_3_397;data_4_397;
data_0_398;data_1_398;data_2_398;data_3_398;data_4_398;
data_0_399;data_1_399;data_2_399;data_3_399;data_4_399;
data_0_400;data_1_400;data_2_400;data_3_400;data_4_400;
data_0_401;data_1_401;data_2_401;data_3_401;data_4_401;
data_0_402;data_1_402;data_2_402;data_3_402;data_4_402;
data_0_403;data_1_403;data_2_403;data_3_403;data_4_403;
data_0_404;data_1_404;data_2_404;data_3_404;data_4_404;
data_0_405;data_1_405;data_2_405;data_3_405;data_4_405;
data_0_406;data_1_406;data_2_406;data_3_406;data_4_406;
data_0_407;data_1_407;data_2_407;data_3_407;data_4_407;
data_0_408;data_1_408;data_2_408;data_3_408;data_4_408;
data_0_409;data_1_409;data_2_409;data_3_409;data_4_409;
data_0_410;data_1_410;data_2_410;data_3_410;data_4_410;
data_0_411;data_1_411;data_2_411;data_3_411;data_4_411;
data_0_412;data_1_412;data_2_412;data_3_412;data_4_412;
data_0_413;data_1_413;data_2_413;data_3_413;data_4_413;
data_0_414;data_1_414;data_2_414;data_3_414;data_4_414;
data_0_415;data_1_415;data_2_415;data_3_415;data_4_415;
data_0_416;data_1_416;data_2_416;data_3_416;data_4_416;
data_0_417;data_1_417;data_2_417;data_3_417;data_4_417;
data_0_418;data_1_418;data_2_418;data_3_418;data_4_418;
data_0_419;data_1_419;data_2_419;data_3_419;data_4_419;
data_0_420;data_1_420;data_2_420;data_3_420;data_4_420;
data_0_421;data_1_421;data_2_421;data_3_421;data_4_421;
data_0_422;data_1_422;data_2_422;data_3_422;data_4_422;
data_0_423;data_1_423;data_2_423;data_3_423;data_4_423;
data_0_424;data_1_424;data_2_424;data_3_424;data_4_424;
data_0_425;data_1_425;data_2_425;data_3_425;data_4_425;
data_0_426;data_1_426;data_2_426;data_3_426;data_4_426;
data_0_427;data_1_427;data_2_427;data_3_427;data_4_427;
data_0_428;data_1_428;data_2_428;data_3_428;data_4_428;
data_0_429;data_1_429;data_2_429;data_3_429;data_4_429;
data_0_430;data_1_430;data_2_430;data_3_430;data_4_430;
data_0_431;data_1_431;data_2_431;data_3_431;data_4_431;
data_0_432;data_1_432;data_2_432;data_3_432;data_4_432;
data_0_433;data_1_433;data_2_433;data_3_433;data_4_433;
data_0_434;data_1_434;data_2_434;data_3_434;data_4_434;
data_0_435;data_1_435;data_2_435;data_3_435;data_4_435;
data_0_436;data_1_436;data_2_436;data_3_436;data_4_436;
data_0_437;data_1_437;data_2_437;data_3_437;data_4_437;
data_0_438;data_1_438;data_2_438;data_3_438;data_4_438;
data_0_439;data_1_439;data_2_439;data_3_439;data_4_439;
data_0_440;data_1_440;data_2_440;data_3_440;data_4_440;
data_0_441;data_1_441;data_2_441;data_3_441;data_4_441;
data_0_442;data_1_442;data_2_442;data_3_442;data_4_442;
data_0_443;data_1_443;data_2_443;data_3_443;data_4_443;
data_0_444;data_1_444;data_2_444;data_3_444;data_4_444;
data_0_445;data_1_445;data_2_445;data_3_445;data_4_445;
data_0_446;data_1_446;data_2_446;data_3_446;data_4_446;
data_0_447;data_1_447;data_2_447;data_3_447;data_4_447;
data_0_448;data_1_448;data_2_448;data_3_448;data_4_448;
data_0_449;data_1_449;data_2_449;data_3_449;data_4_449;
data_0_450;data_1_450;data_2_450;data_3_450;data_4_450;
data_0_451;data_1_451;data_2_451;data_3_451;data_4_451;
data_0_452;data_1_452;data_2_452;data_3_452;data_4_452;
data_0_453;data_1_453;data_2_453;data_3_453;data_4_453;
data_0_454;data_1_454;data_2_454;data_3_454;data_4_454;
data_0_455;data_1_455;data_2_455;data_3_455;data_4_455;
data_0_456;data_1_456;data_2_456;data_3_456;data_4_456;
data_0_457;data_1_457;data_2_457;data_3_457;data_4_457;
data_0_458;data_1_458;data_2_458;data_3_458;data_4_458;
data_0_459;data_1_459;data_2_459;data_3_459;data_4_459;
data_0_460;data_1_460;data_2_460;data_3_460;data_4_460;
data_0_461;data_1_461;data_2_461;data_3_461;data_4_461;
data_0_462;data_1_462;data_2_462;data_3_462;data_4_462;
data_0_463;data_1_463;data_2_463;data_3_463;data_4_463;
data_0_464;data_1_464;data_2_464;data_3_464;data_4_464;
data_0_465;data_1_465;data_2_465;data_3_465;data_4_465;
data_0_466;data_1_466;data_2_466;data_3_466;data_4_466;
data_0_467;data_1_467;data_2_467;data_3_467;data_4_467;
data_0_468;data_1_468;data_2_468;data_3_468;data_4_468;
data_0_469;data_1_469;data_2_469;data_3_469;data_4_469;
data_0_470;data_1_470;data_2_470;data_3_470;data_4_470;
data_0_471;data_1_471;data_2_471;data_3_471;data_4_471;
data_0_472;data_1_472;data_2_472;data_3_472;data_4_472;
data_0_473;data_1_473;data_2_473;data_3_473;data_4_473;
data_0_474;data_1_474;data_2_474;data_3_474;data_4_474;
data_0_475;data_1_475;data_2_475;data_3_475;data_4_475;
data_0_476;data_1_476;data_2_476;data_3_476;data_4_476;
data_0_477;data_1_477;data_2_477;data_3_477;data_4_477;
data_0_478;data_1_478;data_2_478;data_3_478;data_4_478;
data_0_479;data_1_479;data_2_479;data_3_479;data_4_479;
data_0_480;data_1_480;data_2_480;data_3_480;data_4_480;
data_0_481;data_1_481;data_2_481;data_3_481;data_4_481;
data_0_482;data_1_482;data_2_482;data_3_482;data_4_482;
data_0_483;data_1_483;data_2_483;data_3_483;data_4_483;
data_0_484;data_1_484;data_2_484;data_3_484;data_4_484;
data_0_485;data_1_485;data_2_485;data_3_485;data_4_485;
data_0_486;data_1_486;data_2_486;data_3_486;data_4_486;
data_0_487;data_1_487;data_2_487;data_3_487;data_4_487;
data_0_488;data_1_488;data_2_488;data_3_488;data_4_488;
data_0_489;data_1_489;data_2_489;data_3_489;data_4_489;
data_0_490;data_1_490;data_2_490;data_3_490;data_4_490;
data_0_491;data_1_491;data_2_491;data_3_491;data_4_491;
data_0_492;data_1_492;data_2_492;data_3_492;data_4_492;
data_0_493;data_1_493;data_2_493;data_3_493;data_4_493;
data_0_494;data_1_494;data_2_494;data_3_494;data_4_494;
data_0_495;data_1_495;data_2_495;data_3_495;data_4_495;
data_0_496;data_1_496;data_2_496;data_3_496;data_4_496;
data_0_497;data_1_497;data_2_497;data_3_497;data_4_497;
data_0_498;data_1_498;data_2_498;data_3_498;data_4_498;
data_0_499;data_1_499;data_2_499;data_3_499;data_4_499;
data_0_500;data_1_500;data_2_500;data_3_500;data_4_500;
data_0_501;data_1_501;data_2_501;data_3_501;data_4_501;
data_0_502;data_1_502;data_2_502;data_3_502;data_4_502;
data_0_503;data_1_503;data_2_503;data_3_503;data_4_503;
data_0_504;data_1_504;data_2_504;data_3_504;data_4_504;
data_0_505;data_1_505;data_2_505;data_3_505;data_4_505;
data_0_506;data_1_506;data_2_506;data_3_506;data_4_506;
data_0_507;data_1_507;data_2_507;data_3_507;data_4_507;
data_0_508;data_1_508;data_2_508;data_3_508;data_4_508;
data_0_509;data_1_509;data_2_509;data_3_509;data_4_509;
data_0_510;data_1_510;data_2_510;data_3_510;data_4_510;
data_0_511;data_1_511;data_2_511;data_3_511;data_4_511;
data_0_512;data_1_512;data_2_512;data_3_512;data_4_512;
data_0_513;data_1_513;data_2_513;data_3_513;data_4_513;
data_0_514;data_1_514;data_2_514;data_3_514;data_4_514;
data_0_515;data_1_515;data_2_515;data_3_515;data_4_515;
data_0_516;data_1_516;data_2_516;data_3_516;data_4_516;
data_0_517;data_1_517;data_2_517;data_3_517;data_4_517;
data_0_518;data_1_518;data_2_518;data_3_518;data_4_518;
data_0_519;data_1_519;data_2_519;data_3_519;data_4_519;
data_0_520;data_1_520;data_2_520;data_3_520;data_4_520;
data_0_521;data_1_521;data_2_521;data_3_521;data_4_521;
data_0_522;data_1_522;data_2_522;data_3_522;data_4_522;
data_0_523;data_1_523;data_2_523;data_3_523;data_4_523;
data_0_524;data_1_524;data_2_524;data_3_524;data_4_524;
data_0_525;data_1_525;data_2_525;data_3_525;data_4_525;
data_0_526;data_1_526;data_2_526;data_3_526;data_4_526;
data_0_527;data_1_527;data_2_527;data_3_527;data_4_527;
data_0_528;data_1_528;data_2_528;data_3_528;data_4_528;
data_0_529;data_1_529;data_2_529;data_3_529;data_4_529;
data_0_530;data_1_530;data_2_530;data_3_530;data_4_530;
data_0_531;data_1_531;data_2_531;data_3_531;data_4_531;
data_0_532;data_1_532;data_2_532;data_3_532;data_4_532;
data_0_533;data_1_533;data_2_533;data_3_533;data_4_533;
data_0_534;data_1_534;data_2_534;data_3_534;data_4_534;
data_0_535;data_1_535;data_2_535;data_3_535;data_4_535;
data_0_536;data_1_536;data_2_536;data_3_536;data_4_536;
data_0_537;data_1_537;data_2_537;data_3_537;data_4_537;
data_0_538;data_1_538;data_2_538;data_3_538;data_4_538;
data_0_539;data_1_539;data_2_539;data_3_539;data_4_539;
data_0_540;data_1_540;data_2_540;data_3_540;data_4_540;
data_0_541;data_1_541;data_2_541;data_3_541;data_4_541;
data_0_542;data_1_542;data_2_542;data_3_542;data_4_542;
data_0_543;data_1_543;data_2_543;data_3_543;data_4_543;
data_0_544;data_1_544;data_2_544;data_3_544;data_4_544;
data_0_545;data_1_545;data_2_545;data_3_545;data_4_545;
data_0_546;data_1_546;data_2_546;data_3_546;data_4_546;
data_0_547;data_1_547;data_2_547;data_3_547;data_4_547;
data_0_548;data_1_548;data_2_548;data_3_548;data_4_548;
data_0_549;data_1_549;data_2_549;data_3_549;data_4_549;
data_0_550;data_1_550;data_2_550;data_3_550;data_4_550;
data_0_551;data_1_551;data_2_551;data_3_551;data_4_551;
data_0_552;data_1_552;data_2_552;data_3_552;data_4_552;
data_0_553;data_1_553;data_2_553;data_3_553;data_4_553;
data_0_554;data_1_554;data_2_554;data_3_554;data_4_554;
data_0_555;data_1_555;data_2_555;data_3_555;data_4_555;
data_0_556;data_1_556;data_2_556;data_3_556;data_4_556;
data_0_557;data_1_557;data_2_557;data_3_557;data_4_557;
data_0_558;data_1_558;data_2_558;data_3_558;data_4_558;
data_0_559;data_1_559;data_2_559;data_3_559;data_4_559;
data_0_560;data_1_560;data_2_560;data_3_560;data_4_560;
data_0_561;data_1_561;data_2_561;data_3_561;data_4_561;
data_0_562;data_1_562;data_2_562;data_3_562;data_4_562;
data_0_563;data_1_563;data_2_563;data_3_563;data_4_563;
data_0_564;data_1_564;data_2_564;data_3_564;data_4_564;
data_0_565;data_1_565;data_2_565;data_3_565;data_4_565;
data_0_566;data_1_566;data_2_566;data_3_566;data_4_566;
data_0_567;data_1_567;data_2_567;data_3_567;data_4_567;
data_0_568;data_1_568;data_2_568;data_3_568;data_4_568;
data_0_569;data_1_569;data_2_569;data_3_569;data_4_569;
data_0_570;data_1_570;data_2_570;data_3_570;data_4_570;
data_0_571;data_1_571;data_2_571;data_3_571;data_4_571;
data_0_572;data_1_572;data_2_572;data_3_572;data_4_572;
data_0_573;data_1_573;data_2_573;data_3_573;data_4_573;
data_0_574;data_1_574;data_2_574;data_3_574;data_4_574;
data_0_575;data_1_575;data_2_575;data_3_575;data_4_575;
data_0_576;data_1_576;data_2_576;data_3_576;data_4_576;
data_0_577;data_1_577;data_2_577;data_3_577;data_4_577;
data_0_578;data_1_578;data_2_578;data_3_578;data_4_578;
data_0_579;data_1_579;data_2_579;data_3_579;data_4_579;
data_0_580;data_1_580;data_2_580;data_3_580;data_4_580;
data_0_581;data_1_581;data_2_581;data_3_581;data_4_581;
data_0_582;data_1_582;data_2_582;data_3_582;data_4_582;
data_0_583;data_1_583;data_2_583;data_3_583;data_4_583;
data_0_584;data_1_584;data_2_584;data_3_584;data_4_584;
data_0_585;data_1_585;data_2_585;data_3_585;data_4_585;
data_0_586;data_1_586;data_2_586;data_3_586;data_4_586;
data_0_587;data_1_587;data_2_587;data_3_587;data_4_587;
data_0_588;data_1_588;data_2_588;data_3_588;data_4_588;
data_0_589;data_1_589;data_2_589;data_3_589;data_4_589;
data_0_590;data_1_590;data_2_590;data_3_590;data_4_590;
data_0_591;data_1_591;data_2_591;data_3_591;data_4_591;
data_0_592;data_1_592;data_2_592;data_3_592;data_4_592;
data_0_593;data_1_593;data_2_593;data_3_593;data_4_593;
data_0_594;data_1_594;data_2_594;data_3_594;data_4_594;
data_0_595;data_1_595;data_2_595;data_3_595;data_4_595;
data_0_596;data_1_596;data_2_596;data_3_596;data_4_596;
data_0_597;data_1_597;data_2_597;data_3_597;data_4_597;
data_0_598;data_1_598;data_2_598;data_3_598;data_4_598;
data_0_599;data_1_599;data_2_599;data_3_599;data_4_599;
data_0_600;data_1_600;data_2_600;data_3_600;data_4_600;
data_0_601;data_1_601;data_2_601;data_3_601;data_4_601;
data_0_602;data_1_602;data_2_602;data_3_602;data_4_602;
data_0_603;data_1_603;data_2_603;data_3_603;data_4_603;
data_0_604;data_1_604;data_2_604;data_3_604;data_4_604;
data_0_605;data_1_605;data_2_605;data_3_605;data_4_605;
data_0_606;data_1_606;data_2_606;data_3_606;data_4_606;
data_0_607;data_1_607;data_2_607;data_3_607;data_4_607;
data_0_608;data_1_608;data_2_608;data_3_608;data_4_608;
data_0_609;data_1_609;data_2_609;data_3_609;data_4_609;
data_0_610;data_1_610;data_2_610;data_3_610;data_4_610;
data_0_611;data_1_611;data_2_611;data_3_611;data_4_611;
data_0_612;data_1_612;data_2_612;data_3_612;data_4_612;
data_0_613;data_1_613;data_2_613;data_3_613;data_4_613;
data_0_614;data_1_614;data_2_614;data_3_614;data_4_614;
data_0_615;data_1_615;data_2_615;data_3_615;data_4_615;
data_0_616;data_1_616;data_2_616;data_3_616;data_4_616;
data_0_617;data_1_617;data_2_617;data_3_617;data_4_617;
data_0_618;data_1_618;data_2_618;data_3_618;data_4_618;
data_0_619;data_1_619;data_2_619;data_3_619;data_4_619;
data_0_620;data_1_620;data_2_620;data_3_620;data_4_620;
data_0_621;data_1_621;data_2_621;data_3_621;data_4_621;
data_0_622;data_1_622;data_2_622;data_3_622;data_4_622;
data_0_623;data_1_623;data_2_623;data_3_623;data_4_623;
data_0_624;data_1_624;data_2_624;data_3_624;data_4_624;
data_0_625;data_1_625;data_2_625;data_3_625;data_4_625;
data_0_626;data_1_626;data_2_626;data_3_626;data_4_626;
data_0_627;data_1_627;data_2_627;data_3_627;data_4_627;
data_0_628;data_1_628;data_2_628;data_3_628;data_4_628;
data_0_629;data_1_629;data_2_629;data_3_629;data_4_629;
data_0_630;data_1_630;data_2_630;data_3_630;data_4_630;
data_0_631;data_1_631;data_2_631;data_3_631;data_4_631;
data_0_632;data_1_632;data_2_632;data_3_632;data_4_632;
data_0_633;data_1_633;data_2_633;data_3_633;data_4_633;
data_0_634;data_1_634;data_2_634;data_3_634;data_4_634;
data_0_635;data_1_635;data_2_635;data_3_635;data_4_635;
data_0_636;data_1_636;data_2_636;data_3_636;data_4_636;
data_0_637;data_1_637;data_2_637;data_3_637;data_4_637;
data_0_638;data_1_638;data_2_638;data_3_638;data_4_638;
data_0_639;data_1_639;data_2_639;data_3_639;data_4_639;
data_0_640;data_1_640;data_2_640;data_3_640;data_4_640;
data_0_641;data_1_641;data_2_641;data_3_641;data_4_641;
data_0_642;data_1_642;data_2_642;data_3_642;data_4_642;
data_0_643;data_1_643;data_2_643;data_3_643;data_4_643;
data_0_644;data_1_644;data_2_644;data_3_644;data_4_644;
data_0_645;data_1_645;data_2_645;data_3_645;data_4_645;
data_0_646;data_1_646;data_2_646;data_3_646;data_4_646;
data_0_647;data_1_647;data_2_647;data_3_647;data_4_647;
data_0_648;data_1_648;data_2_648;data_3_648;data_4_648;
data_0_649;data_1_649;data_2_649;data_3_649;data_4_649;
data_0_650;data_1_650;data_2_650;data_3_650;data_4_650;
data_0_651;data_1_651;data_2_651;data_3_651;data_4_651;
data_0_652;data_1_652;data_2_652;data_3_652;data_4_652;
data_0_653;data_1_653;data_2_653;data_3_653;data_4_653;
data_0_654;data_1_654;data_2_654;data_3_654;data_4_654;
data_0_655;data_1_655;data_2_655;data_3_655;data_4_655;
data_0_656;data_1_656;data_2_656;data_3_656;data_4_656;
data_0_657;data_1_657;data_2_657;data_3_657;data_4_657;
data_0_658;data_1_658;data_2_658;data_3_658;data_4_658;
data_0_659;data_1_659;data_2_659;data_3_659;data_4_659;
data_0_660;data_1_660;data_2_660;data_3_660;data_4_660;
data_0_661;data_1_661;data_2_661;data_3_661;data_4_661;
data_0_662;data_1_662;data_2_662;data_3_662;data_4_662;
data_0_663;data_1_663;data_2_663;data_3_663;data_4_663;
data_0_664;data_1_664;data_2_664;data_3_664;data_4_664;
data_0_665;data_1_665;data_2_665;data_3_665;data_4_665;
data_0_666;data_1_666;data_2_666;data_3_666;data_4_666;
data_0_667;data_1_667;data_2_667;data_3_667;data_4_667;
data_0_668;data_1_668;data_2_668;data_3_668;data_4_668;
data_0_669;data_1_669;data_2_669;data_3_669;data_4_669;
data_0_670;data_1_670;data_2_670;data_3_670;data_4_670;
data_0_671;data_1_671;data_2_671;data_3_671;data_4_671;
data_0_672;data_1_672;data_2_672;data_3_672;data_4_672;
data_0_673;data_1_673;data_2_673;data_3_673;data_4_673;
data_0_674;data_1_674;data_2_674;data_3_674;data_4_674;
data_0_675;data_1_675;data_2_675;data_3_675;data_4_675;
data_0_676;data_1_676;data_2_676;data_3_676;data_4_676;
data_0_677;data_1_677;data_2_677;data_3_677;data_4_677;
data_0_678;data_1_678;data_2_678;data_3_678;data_4_678;
data_0_679;data_1_679;data_2_679;data_3_679;data_4_679;
data_0_680;data_1_680;data_2_680;data_3_680;data_4_680;
data_0_681;data_1_681;data_2_681;data_3_681;data_4_681;
data_0_682;data_1_682;data_2_682;data_3_682;data_4_682;
data_0_683;data_1_683;data_2_683;data_3_683;data_4_683;
data_0_684;data_1_684;data_2_684;data_3_684;data_4_684;
data_0_685;data_1_685;data_2_685;data_3_685;data_4_685;
data_0_686;data_1_686;data_2_686;data_3_686;data_4_686;
data_0_687;data_1_687;data_2_687;data_3_687;data_4_687;
data_0_688;data_1_688;data_2_688;data_3_688;data_4_688;
data_0_689;data_1_689;data_2_689;data_3_689;data_4_689;
data_0_690;data_1_690;data_2_690;data_3_690;data_4_690;
data_0_691;data_1_691;data_2_691;data_3_691;data_4_691;
data_0_692;data_1_692;data_2_692;data_3_692;data_4_692;
data_0_693;data_1_693;data_2_693;data_3_693;data_4_693;
data_0_694;data_1_694;data_2_694;data_3_694;data_4_694;
data_0_695;data_1_695;data_2_695;data_3_695;data_4_695;
data_0_696;data_1_696;data_2_696;data_3_696;data_4_696;
data_0_697;data_1_697;data_2_697;data_3_697;data_4_697;
data_0_698;data_1_698;data_2_698;data_3_698;data_4_698;
data_0_699;data_1_699;data_2_699;data_3_699;data_4_699;
data_0_700;data_1_700;data_2_700;data_3_700;data_4_700;
data_0_701;data_1_701;data_2_701;data_3_701;data_4_701;
data_0_702;data_1_702;data_2_702;data_3_702;data_4_702;
data_0_703;data_1_703;data_2_703;data_3_703;data_4_703;
data_0_704;data_1_704;data_2_704;data_3_704;data_4_704;
data_0_705;data_1_705;data_2_705;data_3_705;data_4_705;
data_0_706;data_1_706;data_2_706;data_3_706;data_4_706;
data_0_707;data_1_707;data_2_707;data_3_707;data_4_707;
data_0_708;data_1_708;data_2_708;data_3_708;data_4_708;
data_0_709;data_1_709;data_2_709;data_3_709;data_4_709;
data_0_710;data_1_710;data_2_710;data_3_710;data_4_710;
data_0_711;data_1_711;data_2_711;data_3_711;data_4_711;
data_0_712;data_1_712;data_2_712;data_3_712;data_4_712;
data_0_713;data_1_713;data_2_713;data_3_713;data_4_713;
data_0_714;data_1_714;data_2_714;data_3_714;data_4_714;
data_0_715;data_1_715;data_2_715;data_3_715;data_4_715;
data_0_716;data_1_716;data_2_716;data_3_716;data_4_716;
data_0_717;data_1_717;data_2_717;data_3_717;data_4_717;
data_0_718;data_1_718;data_2_718;data_3_718;data_4_718;
data_0_719;data_1_719;data_2_719;data_3_719;data_4_719;
data_0_720;data_1_720;data_2_720;data_3_720;data_4_720;
data_0_721;data_1_721;data_2_721;data_3_721;data_4_721;
data_0_722;data_1_722;data_2_722;data_3_722;data_4_722;
data_0_723;data_1_723;data_2_723;data_3_723;data_4_723;
data_0_724;data_1_724;data_2_724;data_3_724;data_4_724;
data_0_725;data_1_725;data_2_725;data_3_725;data_4_725;
data_0_726;data_1_726;data_2_726;data_3_726;data_4_726;
data_0_727;data_1_727;data_2_727;data_3_727;data_4_727;
data_0_728;data_1_728;data_2_728;data_3_728;data_4_728;
data_0_729;data_1_729;data_2_729;data_3_729;data_4_729;
data_0_730;data_1_730;data_2_730;data_3_730;data_4_730;
data_0_731;data_1_731;data_2_731;data_3_731;data_4_731;
data_0_732;data_1_732;data_2_732;data_3_732;data_4_732;
data_0_733;data_1_733;data_2_733;data_3_733;data_4_733;
data_0_734;data_1_734;data_2_734;data_3_734;data_4_734;
data_0_735;data_1_735;data_2_735;data_3_735;data_4_735;
data_0_736;data_1_736;data_2_736;data_3_736;data_4_736;
data_0_737;data_1_737;data_2_737;data_3_737;data_4_737;
data_0_738;data_1_738;data_2_738;data_3_738;data_4_738;
data_0_739;data_1_739;data_2_739;data_3_739;data_4_739;
data_0_740;data_1_740;data_2_740;data_3_740;data_4_740;
data_0_741;data_1_741;data_2_741;data_3_741;data_4_741;
data_0_742;data_1_742;data_2_742;data_3_742;data_4_742;
data_0_743;data_1_743;data_2_743;data_3_743;data_4_743;
data_0_744;data_1_744;data_2_744;data_3_744;data_4_744;
data_0_745;data_1_745;data_2_745;data_3_745;data_4_745;
data_0_746;data_1_746;data_2_746;data_3_746;data_4_746;
data_0_747;data_1_747;data_2_747;data_3_747;data_4_747;
data_0_748;data_1_748;data_2_748;data_3_748;data_4_748;
data_0_749;data_1_749;data_2_749;data_3_749;data_4_749;
data_0_750;data_1_750;data_2_750;data_3_750;data_4_750;
data_0_751;data_1_751;data_2_751;data_3_751;data_4_751;
data_0_752;data_1_752;data_2_752;data_3_752;data_4_752;
data_0_753;data_1_753;data_2_753;data_3_753;data_4_753;
data_0_754;data_1_754;data_2_754;data_3_754;data_4_754;
data_0_755;data_1_755;data_2_755;data_3_755;data_4_755;
data_0_756;data_1_756;data_2_756;data_3_756;data_4_756;
data_0_757;data_1_757;data_2_757;data_3_757;data_4_757;
data_0_758;data_1_758;data_2_758;data_3_758;data_4_758;
data_0_759;data_1_759;data_2_759;data_3_759;data_4_759;
data_0_760;data_1_760;data_2_760;data_3_760;data_4_760;
data_0_761;data_1_761;data_2_761;data_3_761;data_4_761;
data_0_762;data_1_762;data_2_762;data_3_762;data_4_762;
data_0_763;data_1_763;data_2_763;data_3_763;data_4_763;
data_0_764;data_1_764;data_2_764;data_3_764;data_4_764;
data_0_765;data_1_765;data_2_765;data_3_765;data_4_765;
data_0_766;data_1_766;data_2_766;data_3_766;data_4_766;
data_0_767;data_1_767;data_2_767;data_3_767;data_4_767;
data_0_768;data_1_768;data_2_768;data_3_768;data_4_768;
data_0_769;data_1_769;data_2_769;data_3_769;data_4_769;
data_0_770;data_1_770;data_2_770;data_3_770;data_4_770;
data_0_771;data_1_771;data_2_771;data_3_771;data_4_771;
data_0_772;data_1_772;data_2_772;data_3_772;data_4_772;
data_0_773;data_1_773;data_2_773;data_3_773;data_4_773;
data_0_774;data_1_774;data_2_774;data_3_774;data_4_774;
data_0_775;data_1_775;data_2_775;data_3_775;data_4_775;
data_0_776;data_1_776;data_2_776;data_3_776;data_4_776;
data_0_777;data_1_777;data_2_777;data_3_777;data_4_777;
data_0_778;data_1_778;data_2_778;data_3_778;data_4_778;
data_0_779;data_1_779;data_2_779;data_3_779;data_4_779;
data_0_780;data_1_780;data_2_780;data_3_780;data_4_780;
data_0_781;data_1_781;data_2_781;data_3_781;data_4_781;
data_0_782;data_1_782;data_2_782;data_3_782;data_4_782;
data_0_783;data_1_783;data_2_783;data_3_783;data_4_783;
data_0_784;data_1_784;data_2_784;data_3_784;data_4_784;
data_0_785;data_1_785;data_2_785;data_3_785;data_4_785;
data_0_786;data_1_786;data_2_786;data_3_786;data_4_786;
data_0_787;data_1_787;data_2_787;data_3_787;data_4_787;
data_0_788;data_1_788;data_2_788;data_3_788;data_4_788;
data_0_789;data_1_789;data_2_789;data_3_789;data_4_789;
data_0_790;data_1_790;data_2_790;data_3_790;data_4_790;
data_0_791;data_1_791;data_2_791;data_3_791;data_4_791;
data_0_792;data_1_792;data_2_792;data_3_792;data_4_792;
data_0_793;data_1_793;data_2_793;data_3_793;data_4_793;
data_0_794;data_1_794;data_2_794;data_3_794;data_4_794;
data_0_795;data_1_795;data_2_795;data_3_795;data_4_795;
data_0_796;data_1_796;data_2_796;data_3_796;data_4_796;
data_0_797;data_1_797;data_2_797;data_3_797;data_4_797;
data_0_798;data_1_798;data_2_798;data_3_798;data_4_798;
data_0_799;data_1_799;data_2_799;data_3_799;data_4_799;
data_0_800;data_1_800;data_2_800;data_3_800;data_4_800;
data_0_801;data_1_801;data_2_801;data_3_801;data_4_801;
data_0_802;data_1_802;data_2_802;data_3_802;data_4_802;
data_0_803;data_1_803;data_2_803;data_3_803;data_4_803;
data_0_804;data_1_804;data_2_804;data_3_804;data_4_804;
data_0_805;data_1_805;data_2_805;data_3_805;data_4_805;
data_0_806;data_1_806;data_2_806;data_3_806;data_4_806;
data_0_807;data_1_807;data_2_807;data_3_807;data_4_807;
data_0_808;data_1_808;data_2_808;data_3_808;data_4_808;
data_0_809;data_1_809;data_2_809;data_3_809;data_4_809;
data_0_810;data_1_810;data_2_810;data_3_810;data_4_810;
data_0_811;data_1_811;data_2_811;data_3_811;data_4_811;
data_0_812;data_1_812;data_2_812;data_3_812;data_4_812;
data_0_813;data_1_813;data_2_813;data_3_813;data_4_813;
data_0_814;data_1_814;data_2_814;data_3_814;data_4_814;
data_0_815;data_1_815;data_2_815;data_3_815;data_4_815;
data_0_816;data_1_816;data_2_816;data_3_816;data_4_816;
data_0_817;data_1_817;data_2_817;data_3_817;data_4_817;
data_0_818;data_1_818;data_2_818;data_3_818;data_4_818;
data_0_819;data_1_819;data_2_819;data_3_819;data_4_819;
data_0_820;data_1_820;data_2_820;data_3_820;data_4_820;
data_0_821;data_1_821;data_2_821;data_3_821;data_4_821;
data_0_822;data_1_822;data_2_822;data_3_822;data_4_822;
data_0_823;data_1_823;data_2_823;data_3_823;data_4_823;
data_0_824;data_1_824;data_2_824;data_3_824;data_4_824;
data_0_825;data_1_825;data_2_825;data_3_825;data_4_825;
data_0_826;data_1_826;data_2_826;data_3_826;data_4_826;
data_0_827;data_1_827;data_2_827;data_3_827;data_4_827;
data_0_828;data_1_828;data_2_828;data_3_828;data_4_828;
data_0_829;data_1_829;data_2_829;data_3_829;data_4_829;
data_0_830;data_1_830;data_2_830;data_3_830;data_4_830;
data_0_831;data_1_831;data_2_831;data_3_831;data_4_831;
data_0_832;data_1_832;data_2_832;data_3_832;data_4_832;
data_0_833;data_1_833;data_2_833;data_3_833;data_4_833;
data_0_834;data_1_834;data_2_834;data_3_834;data_4_834;
data_0_835;data_1_835;data_2_835;data_3_835;data_4_835;
data_0_836;data_1_836;data_2_836;data_3_836;data_4_836;
data_0_837;data_1_837;data_2_837;data_3_837;data_4_837;
data_0_838;data_1_838;data_2_838;data_3_838;data_4_838;
data_0_839;data_1_839;data_2_839;data_3_839;data_4_839;
data_0_840;data_1_840;data_2_840;data_3_840;data_4_840;
data_0_841;data_1_841;data_2_841;data_3_841;data_4_841;
data_0_842;data_1_842;data_2_842;data_3_842;data_4_842;
data_0_843;data_1_843;data_2_843;data_3_843;data_4_843;
data_0_844;data_1_844;data_2_844;data_3_844;data_4_844;
data_0_845;data_1_845;data_2_845;data_3_845;data_4_845;
data_0_846;data_1_846;data_2_846;data_3_846;data_4_846;
data_0_847;data_1_847;data_2_847;data_3_847;data_4_847;
data_0_848;data_1_848;data_2_848;data_3_848;data_4_848;
data_0_849;data_1_849;data_2_849;data_3_849;data_4_849;
data_0_850;data_1_850;data_2_850;data_3_850;data_4_850;
data_0_851;data_1_851;data_2_851;data_3_851;data_4_851;
data_0_852;data_1_852;data_2_852;data_3_852;data_4_852;
data_0_853;data_1_853;data_2_853;data_3_853;data_4_853;
data_0_854;data_1_854;data_2_854;data_3_854;data_4_854;
data_0_855;data_1_855;data_2_855;data_3_855;data_4_855;
data_0_856;data_1_856;data_2_856;data_3_856;data_4_856;
data_0_857;data_1_857;data_2_857;data_3_857;data_4_857;
data_0_858;data_1_858;data_2_858;data_3_858;data_4_858;
data_0_859;data_1_859;data_2_859;data_3_859;data_4_859;
data_0_860;data_1_860;data_2_860;data_3_860;data_4_860;
data_0_861;data_1_861;data_2_861;data_3_861;data_4_861;
data_0_862;data_1_862;data_2_862;data_3_862;data_4_862;
data_0_863;data_1_863;data_2_863;data_3_863;data_4_863;
data_0_864;data_1_864;data_2_864;data_3_864;data_4_864;
data_0_865;data_1_865;data_2_865;data_3_865;data_4_865;
data_0_866;data_1_866;data_2_866;data_3_866;data_4_866;
data_0_867;data_1_867;data_2_867;data_3_867;data_4_867;
data_0_868;data_1_868;data_2_868;data_3_868;data_4_868;
data_0_869;data_1_869;data_2_869;data_3_869;data_4_869;
data_0_870;data_1_870;data_2_870;data_3_870;data_4_870;
data_0_871;data_1_871;data_2_871;data_3_871;data_4_871;
data_0_872;data_1_872;data_2_872;data_3_872;data_4_872;
data_0_873;data_1_873;data_2_873;data_3_873;data_4_873;
data_0_874;data_1_874;data_2_874;data_3_874;data_4_874;
data_0_875;data_1_875;data_2_875;data_3_875;data_4_875;
data_0_876;data_1_876;data_2_876;data_3_876;data_4_876;
data_0_877;data_1_877;data_2_877;data_3_877;data_4_877;
data_0_878;data_1_878;data_2_878;data_3_878;data_4_878;
data_0_879;data_1_879;data_2_879;data_3_879;data_4_879;
data_0_880;data_1_880;data_2_880;data_3_880;data_4_880;
data_0_881;data_1_881;data_2_881;data_3_881;data_4_881;
data_0_882;data_1_882;data_2_882;data_3_882;data_4_882;
data_0_883;data_1_883;data_2_883;data_3_883;data_4_883;
data_0_884;data_1_884;data_2_884;data_3_884;data_4_884;
data_0_885;data_1_885;data_2_885;data_3_885;data_4_885;
data_0_886;data_1_886;data_2_886;data_3_886;data_4_886;
data_0_887;data_1_887;data_2_887;data_3_887;data_4_887;
data_0_888;data_1_888;data_2_888;data_3_888;data_4_888;
data_0_889;data_1_889;data_2_889;data_3_889;data_4_889;
data_0_890;data_1_890;data_2_890;data_3_890;data_4_890;
data_0_891;data_1_891;data_2_891;data_3_891;data_4_891;
data_0_892;data_1_892;data_2_892;data_3_892;data_4_892;
data_0_893;data_1_893;data_2_893;data_3_893;data_4_893;
data_0_894;data_1_894;data_2_894;data_3_894;data_4_894;
data_0_895;data_1_895;data_2_895;data_3_895;data_4_895;
data_0_896;data_1_896;data_2_896;data_3_896;data_4_896;
data_0_897;data_1_897;data_2_897;data_3_897;data_4_897;
data_0_898;data_1_898;data_2_898;data_3_898;data_4_898;
data_0_899;data_1_899;data_2_899;data_3_899;data_4_899;
data_0_900;data_1_900;data_2_900;data_3_900;data_4_900;
data_0_901;data_1_901;data_2_901;data_3_901;data_4_901;
data_0_902;data_1_902;data_2_902;data_3_902;data_4_902;
data_0_903;data_1_903;data_2_903;data_3_903;data_4_903;
data_0_904;data_1_904;data_2_904;data_3_904;data_4_904;
data_0_905;data_1_905;data_2_905;data_3_905;data_4_905;
data_0_906;data_1_906;data_2_906;data_3_906;data_4_906;
data_0_907;data_1_907;data_2_907;data_3_907;data_4_907;
data_0_908;data_1_908;data_2_908;data_3_908;data_4_908;
data_0_909;data_1_909;data_2_909;data_3_909;data_4_909;
data_0_910;data_1_910;data_2_910;data_3_910;data_4_910;
data_0_911;data_1_911;data_2_911;data_3_911;data_4_911;
data_0_912;data_1_912;data_2_912;data_3_912;data_4_912;
data_0_913;data_1_913;data_2_913;data_3_913;data_4_913;
data_0_914;data_1_914;data_2_914;data_3_914;data_4_914;
data_0_915;data_1_915;data_2_915;data_3_915;data_4_915;
data_0_916;data_1_916;data_2_916;data_3_916;data_4_916;
data_0_917;data_1_917;data_2_917;data_3_917;data_4_917;
data_0_918;data_1_918;data_2_918;data_3_918;data_4_918;
data_0_919;data_1_919;data_2_919;data_3_919;data_4_919;
data_0_920;data_1_920;data_2_920;data_3_920;data_4_920;
data_0_921;data_1_921;data_2_921;data_3_921;data_4_921;
data_0_922;data_1_922;data_2_922;data_3_922;data_4_922;
data_0_923;data_1_923;data_2_923;data_3_923;data_4_923;
data_0_924;data_1_924;data_2_924;data_3_924;data_4_924;
data_0_925;data_1_925;data_2_925;data_3_925;data_4_925;
data_0_926;data_1_926;data_2_926;data_3_926;data_4_926;
data_0_927;data_1_927;data_2_927;data_3_927;data_4_927;
data_0_928;data_1_928;data_2_928;data_3_928;data_4_928;
data_0_929;data_1_929;data_2_929;data_3_929;data_4_929;
data_0_930;data_1_930;data_2_930;data_3_930;data_4_930;
data_0_931;data_1_931;data_2_931;data_3_931;data_4_931;
data_0_932;data_1_932;data_2_932;data_3_932;data_4_932;
data_0_933;data_1_933;data_2_933;data_3_933;data_4_933;
data_0_934;data_1_934;data_2_934;data_3_934;data_4_934;
data_0_935;data_1_935;data_2_935;data_3_935;data_4_935;
data_0_936;data_1_936;data_2_936;data_3_936;data_4_936;
data_0_937;data_1_937;data_2_937;data_3_937;data_4_937;
data_0_938;data_1_938;data_2_938;data_3_938;data_4_938;
data_0_939;data_1_939;data_2_939;data_3_939;data_4_939;
data_0_940;data_1_940;data_2_940;data_3_940;data_4_940;
data_0_941;data_1_941;data_2_941;data_3_941;data_4_941;
data_0_942;data_1_942;data_2_942;data_3_942;data_4_942;
data_0_943;data_1_943;data_2_943;data_3_943;data_4_943;
data_0_944;data_1_944;data_2_944;data_3_944;data_4_944;
data_0_945;data_1_945;data_2_945;data_3_945;data_4_945;
data_0_946;data_1_946;data_2_946;data_3_946;data_4_946;
data_0_947;data_1_947;data_2_947;data_3_947;data_4_947;
data_0_948;data_1_948;data_2_948;data_3_948;data_4_948;
data_0_949;data_1_949;data_2_949;data_3_949;data_4_949;
data_0_950;data_1_950;data_2_950;data_3_950;data_4_950;
data_0_951;data_1_951;data_2_951;data_3_951;data_4_951;
data_0_952;data_1_952;data_2_952;data_3_952;data_4_952;
data_0_953;data_1_953;data_2_953;data_3_953;data_4_953;
data_0_954;data_1_954;data_2_954;data_3_954;data_4_954;
data_0_955;data_1_955;data_2_955;data_3_955;data_4_955;
data_0_956;data_1_956;data_2_956;data_3_956;data_4_956;
data_0_957;data_1_957;data_2_957;data_3_957;data_4_957;
data_0_958;data_1_958;data_2_958;data_3_958;data_4_958;
data_0_959;data_1_959;data_2_959;data_3_959;data_4_959;
data_0_960;data_1_960;data_2_960;data_3_960;data_4_960;
data_0_961;data_1_961;data_2_961;data_3_961;data_4_961;
data_0_962;data_1_962;data_2_962;data_3_962;data_4_962;
data_0_963;data_1_963;data_2_963;data_3_963;data_4_963;
data_0_964;data_1_964;data_2_964;data_3_964;data_4_964;
data_0_965;data_1_965;data_2_965;data_3_965;data_4_965;
data_0_966;data_1_966;data_2_966;data_3_966;data_4_966;
data_0_967;data_1_967;data_2_967;data_3_967;data_4_967;
data_0_968;data_1_968;data_2_968;data_3_968;data_4_968;
data_0_969;data_1_969;data_2_969;data_3_969;data_4_969;
data_0_970;data_1_970;data_2_970;data_3_970;data_4_970;
data_0_971;data_1_971;data_2_971;data_3_971;data_4_971;
data_0_972;data_1_972;data_2_972;data_3_972;data_4_972;
data_0_973;data_1_973;data_2_973;data_3_973;data_4_973;
data_0_974;data_1_974;data_2_974;data_3_974;data_4_974;
data_0_975;data_1_975;data_2_975;data_3_975;data_4_975;
data_0_976;data_1_976;data_2_976;data_3_976;data_4_976;
data_0_977;data_1_977;data_2_977;data_3_977;data_4_977;
data_0_978;data_1_978;data_2_978;data_3_978;data_4_978;
data_0_979;data_1_979;data_2_979;data_3_979;data_4_979;
data_0_980;data_1_980;data_2_980;data_3_980;data_4_980;
data_0_981;data_1_981;data_2_981;data_3_981;data_4_981;
data_0_982;data_1_982;data_2_982;data_3_982;data_4_982;
data_0_983;data_1_983;data_2_983;data_3_983;data_4_983;
data_0_984;data_1_984;data_2_984;data_3_984;data_4_984;
data_0_985;data_1_985;data_2_985;data_3_985;data_4_985;
data_0_986;data_1_986;data_2_986;data_3_986;data_4_986;
data_0_987;data_1_987;data_2_987;data_3_987;data_4_987;
data_0_988;data_1_988;data_2_988;data_3_988;data_4_988;
data_0_989;data_1_989;data_2_989;data_3_989;data_4_989;
data_0_990;data_1_990;data_2_990;data_3_990;data_4_990;
data_0_991;data_1_991;data_2_991;data_3_991;data_4_991;
data_0_992;data_1_992;data_2_992;data_3_992;data_4_992;
data_0_993;data_1_993;data_2_993;data_3_993;data_4_993;
data_0_994;data_1_994;data_2_994;data_3_994;data_4_994;
data_0_995;data_1_995;data_2_995;data_3_995;data_4_995;
data_0_996;data_1_996;data_2_996;data_3_996;data_4_996;
data_0_997;data_1_997;data_2_997;data_3_997;data_4_997;
data_0_998;data_1_998;data_2_998;data_3_998;data_4_998;
data_0_999;data_1_999;data_2_999;data_3_999;data_4_999;